Feature,Importance
age_group,0.718184732249675
exposure_yn,0.1688817042959358
underlying_conditions_yn,0.07501851596601383
sex,0.03791504748837533
