Feature,Importance
age_group,0.8839196857055547
underlying_conditions_yn,0.05749076881361039
exposure_yn,0.04361856850662104
sex,0.014970976974213937
