Feature,Importance
age_group,0.6586040262175981
exposure_yn,0.19096787499179244
underlying_conditions_yn,0.09166936755033961
sex,0.05875873124026985
